Image,Resolution,Mode,Time_ms,Cores,Speedup,Efficiency
test_1080p.jpg,512x512,Sequential,82,8,1.00,0.125
test_1080p.jpg,512x512,Fork/Join,97,8,0.85,0.106
test_1080p.jpg,512x512,Native Threads,90,8,0.91,0.114
test_4k_converted.jpg,1056x748,Sequential,137,8,1.00,0.125
test_4k_converted.jpg,1056x748,Fork/Join,108,8,1.27,0.159
test_4k_converted.jpg,1056x748,Native Threads,90,8,1.52,0.19
test_8k_converted.jpg,1280x720,Sequential,157,8,1.00,0.125
test_8k_converted.jpg,1280x720,Fork/Join,88,8,1.78,0.223
test_8k_converted.jpg,1280x720,Native Threads,108,8,1.45,0.181
